Regions,2001,2009,2010,2011,2012,2013,2014,2015,2016,2017,2018,2019
Portugal,101.6,117.8,121.6,125.8,129.4,133.5,138.6,143.9,148.7,153.2,157.4,161.3
Continente,103.8,120.5,124.4,128.6,132.2,136.4,141.6,146.9,151.7,156.1,160.3,164.1
Norte,79.4,102.2,106.8,111.8,116.5,122,128.7,135.8,142.9,149.8,156.4,162.7
Alto Minho,131.7,159.1,164.2,170.4,175.3,180.4,187.5,195.2,203,210.8,217.4,223
Arcos de Valdevez,208.1,257.9,264.1,270.2,275.9,282.9,291.5,302.2,312.1,321.3,330.5,337.6
Caminha,138.1,166.2,176.4,187,191.2,195.5,200.9,209.2,218.3,227.5,234.2,235.8
Melgaço,297.4,379.6,380.4,385.3,392.5,396.1,407,422,429.1,437.7,447.7,453.8
Monção,209.7,246.6,253.7,264.6,269.7,272.4,277.2,284.9,294.2,302.4,307.4,308.8
Paredes de Coura,204.6,210.6,211.8,216.7,220.1,224.9,230.7,235.2,237.6,240.1,242.4,246.5
Ponte da Barca,128.2,170.1,176.2,179.6,182.1,186.9,196.2,206.9,216.7,224.9,230.6,236.3
Ponte de Lima,93.1,117.1,122.1,127.3,131.4,135.5,141.5,148.1,155.4,164,172.2,179.3
Valença,144.1,160.1,162.2,168.2,173,176.1,183.7,192.7,202.1,210.4,216.4,221.7
Viana do Castelo,101.1,125.2,129.8,135.8,141.3,147.2,154.7,162.1,169.4,176.8,183.3,189.4
Vila Nova de Cerveira,150.2,154.4,155.8,160.5,164.4,168.8,173.9,180.4,189,195,199.7,202.1
Cávado,60.4,77,80.8,85,88.9,93.6,99.6,106,112.3,118.9,124.9,130.6
Amares,75.3,88.7,91.5,95.8,101.1,107,114.3,122.3,129.8,137.2,144.3,151
Barcelos,53.2,73.8,78.4,83.4,88.2,93.9,100.9,108.5,116.3,124.8,132.5,140.6
Braga,57.2,70.5,73.9,77.7,81.3,85.6,91.1,96.9,102.6,108.2,113.3,118
Esposende,59.5,76.8,80,83.5,86.6,90.5,96.3,101.9,107.4,113.7,119.5,124.5
Terras de Bouro,128.4,169.1,177.4,186.1,195.2,204.2,214,225.2,235.5,243.8,251.4,261.6
Vila Verde,74.7,92.8,96.8,101.3,104.5,108.5,113.8,118.9,124.6,131.4,137.4,142.6
Ave,60.1,82.1,86.6,91.5,96.2,101.8,108.6,115.7,123.3,131,138.5,146.1
Cabeceiras de Basto,89.5,106.8,110.8,114.9,117.8,120.2,124.1,128.7,133.2,139,144.9,152
Fafe,71,93.6,97.7,102.2,107.3,113.5,120.7,128.1,136.4,145.7,155.2,165
Guimarães,52,76.6,81.2,86.1,90.9,96.6,103.4,110.6,118.4,126,133.3,140.9
Mondim de Basto,92.9,122.3,132,142.3,149.7,156.3,165.2,175.8,186.1,199.4,212.9,227.3
Póvoa de Lanhoso,74.5,93.1,97.9,103.2,108.3,114.7,120.8,125.6,132.1,139.5,146.6,153.9
Vieira do Minho,109.8,141.2,151.5,161.4,165.2,170,179.8,190.8,201.4,213.5,224.8,234.4
Vila Nova de Famalicão,55.9,75.8,80,84.8,89.4,95.2,102.2,109.6,117.2,124.9,132.5,139.7
Vizela,40,60.5,64.1,68.1,72.4,77.3,84.3,91.8,98.4,104.2,109.4,115.9
Área Metropolitana do Porto,75.1,97.4,102,107.2,112.2,118,124.7,131.7,138.4,144.7,150.8,156.3
Arouca,88.6,109.9,113,116.2,119.7,123.6,128.7,135.4,143,151.8,159.4,166
Espinho,95.3,133.8,142.8,152.8,162.6,173.7,185.8,197.1,207.4,215.6,223.3,231.3
Gondomar,62.7,86.2,91.1,96.9,102.5,108.9,116.1,124.1,132.1,139.8,147.4,154.2
Maia,59.5,72.3,75.5,79.4,83.8,89.2,94.9,100.6,106.5,112.1,117.3,122.4
Matosinhos,76.4,99.9,105.2,111.3,116.9,123.4,130.4,137.3,143.8,149.3,154.4,159.6
Oliveira de Azeméis,76.2,110.3,118,126.2,132.4,139.4,147.4,156.6,165.9,174.6,183.6,191.2
Paredes,41.1,56.6,59.4,62.4,65.7,69.8,74.7,79.9,85.7,91.8,98.1,104.5
Porto,145.8,181,188.3,195.9,201.9,207.5,213.7,219.9,222.5,221.9,220.7,218.8
Póvoa de Varzim,58.6,75.8,80.2,85.3,89.5,94.6,100.5,106.9,113.8,120.8,127.8,134.2
Santa Maria da Feira,59.9,84.4,88.9,94.1,98.6,103.9,110.4,117.9,125.4,132.6,140.2,148
Santo Tirso,77.4,109.8,116.4,124.2,131.5,140,150.1,161.2,173.4,186.3,198.7,209.7
São João da Madeira,71.4,95.5,101.1,107.5,112.6,118.5,124.7,131.4,138.7,146.5,153.6,159.7
Trofa,52,74.1,79,84.7,90.4,97.4,105.3,112.9,120.3,127.7,134.4,141
Vale de Cambra,102.5,145.6,155.7,166,172.7,180.3,189.3,197,205.4,213.9,224.9,238
Valongo,54.7,72,75.8,80,84.2,89.7,95.8,101.7,108.1,114.8,120.9,126.4
Vila do Conde,65,82.2,86,90,94.1,99.5,105.5,111.8,117.4,122.7,128.1,132.8
Vila Nova de Gaia,69.3,89.4,93.1,97.2,101.8,107.3,113.7,120.3,126.6,132.8,138.7,144.1
Alto Tâmega,158.6,221.2,230.8,240.9,249.6,258,268.4,281.2,292.8,303,314.6,326.2
Boticas,215.1,296.1,300,306.4,313.5,320,330.7,340.7,347.8,351.8,359.6,372.8
Chaves,138.6,185.6,193.8,202.8,209.8,215.3,222.3,232.7,241.9,250,260.6,272.2
Montalegre,210.2,297.5,319,344,360.8,378.9,397.3,416.5,433.6,449.4,461.1,471.2
Ribeira de Pena,135,182.4,191.1,195.9,197.4,202,211.1,221.9,230.5,236.5,248.8,258.7
Valpaços,185.7,281.6,294,307,319.3,329.3,344.4,363.1,378,389.8,402.1,412.4
Vila Pouca de Aguiar,137.2,206.6,214.5,223,235.8,252.6,269.1,284.9,304.1,323.8,338.4,352.3
Tâmega e Sousa,56.3,73.6,77.4,81.3,85.1,89.8,95.5,101.6,108.3,115.5,122.6,129.5
Amarante,62.9,89.7,94.3,98.5,103,108.2,114.1,121,128.6,137.5,146.5,155.5
Baião,88.1,116.2,120.4,126.5,132.2,137.7,143.8,151.2,160,168,177.1,188
Castelo de Paiva,67.4,84.5,89.5,94.9,99.2,104.2,110,117.4,125.5,133.1,141.8,151.3
Celorico de Basto,92.5,115.1,120.7,125.1,129.2,134.9,141.8,149.4,156.7,165,173.2,179.8
Cinfães,104.1,131.5,135.6,137.8,142.4,147.3,151.9,157.6,165.1,175,185.2,191.4
Felgueiras,42.9,61.7,66.5,71.3,75.7,81.2,87.7,94.2,100.6,107.5,114.6,121.8
Lousada,39.5,51.5,54.5,58,61.4,65.2,69.8,75.1,81.1,87.2,92.4,97.6
Marco de Canaveses,51.8,64.5,67.7,71.1,74.6,79.5,85.5,91.8,98.9,106.8,115.1,122.9
Paços de Ferreira,38.8,53.2,56.4,59.7,62.8,67.1,72.5,78.2,84.3,90.6,96.6,102.8
Penafiel,49.4,64.4,68.1,72.1,75.8,80.1,85.4,90.7,96.5,102.7,109,115.6
Resende,112.8,135.7,139.1,143.2,146.8,151,158.2,166.3,176.3,185.7,191.8,198.7
Douro,127.6,160,164.9,169.7,174.6,180.5,188.3,197.9,207.5,216.4,225.9,236.2
Alijó,159.8,239.2,241.5,241.3,246.4,254.2,264.1,274.3,284.4,292,300.9,311
Armamar,133.7,184.6,194.2,204.7,212,219.9,231.6,241.5,257.8,273.3,283.5,296.8
Carrazeda de Ansiães,219.4,295.7,300.6,305.9,309.5,311.5,317.8,329.8,337.3,342.2,345.8,348.5
Freixo de Espada à Cinta,277.9,290.2,288,285.5,282.4,278.7,278.6,282,281,283.4,293.8,295.5
Lamego,104.9,130.9,137.1,143.3,149.2,156,163,171.1,180.7,191.2,202.4,212.3
Mesão Frio,104.2,141.6,140.7,140.3,143.8,149.7,157.2,165.3,178.5,195.2,213,228.6
Moimenta da Beira,116.2,146.6,152.5,159.2,166.1,173.2,181.9,191.9,199.9,207.3,215.6,223.9
Murça,165.1,214.5,216.3,212.2,215.6,221.4,228.3,239,250.8,267.8,286.2,304
Penedono,177,202.5,207.2,209.6,215.6,219.5,226.3,232.6,246,260.3,275.5,289.6
Peso da Régua,95.8,129.6,135.6,140.9,146.2,153.6,161,170.8,182.3,191.7,201.6,212.4
Sabrosa,150.4,190.7,194.2,198.2,202.6,205.2,212.7,225.1,237.8,252.6,265.3,275.7
Santa Marta de Penaguião,145.1,187.4,196.7,202.1,204.8,211.4,224.5,239.3,252.6,267.2,285.8,305.8
São João da Pesqueira,119.9,157.3,160.7,161.5,163.3,169.1,176.8,187.3,195.9,201.1,207.6,217.3
Sernancelhe,136.6,183.1,191.7,202.7,209.3,211,220.1,237.3,252.4,261.3,268.2,280.9
Tabuaço,136.5,169.3,179.5,191.2,199.5,209.5,223.6,242.1,259.5,278.9,301.3,317.7
Tarouca,93.9,119.4,120.6,124.5,129.6,135,143.5,154.3,165.3,171.4,177.6,186.8
Torre de Moncorvo,235.8,355.9,372.1,381.1,384.8,392.3,408.9,428.4,445.6,454.4,461.5,471.2
Vila Nova de Foz Côa,216.3,275.2,272.8,275,291.1,306,317.6,325.8,335.7,346.6,354.9,360.8
Vila Real,94.7,109.1,113.7,118.5,122.5,127.2,133.5,140.9,147.6,153.8,161.3,170.7
Terras de Trás-os-Montes,171.7,228.9,236.5,243.9,250.4,257.1,266,274.9,283.8,291.2,297.8,303.6
Alfândega da Fé,220.2,293.8,310.2,323.9,327.9,334.1,340.6,346.6,365.2,384.4,392.8,392.3
Bragança,140.2,164.9,172.3,179.2,183.2,187.7,193.3,200,206.3,210.5,215.1,219.4
Macedo de Cavaleiros,156.4,223.5,228.2,236.2,249.6,265.6,282.3,293.9,307.2,321,336,349.2
Miranda do Douro,236.8,304.7,311.3,318.4,321.4,326.6,338.5,354.7,369.8,374.9,376.7,388.9
Mirandela,132,187,194.8,203.2,211.6,219.4,227.5,235.4,243.8,251.7,259.7,265.4
Mogadouro,209.5,322.2,326.1,323.8,329.6,339.5,353.1,362.5,371.8,382.4,390.8,407.2
Vila Flor,178.7,244.1,253.3,259.3,262.9,269.1,281.3,294.7,309.5,322.7,330.4,333.8
Vimioso,290.8,370.9,380.7,395.9,393.2,375.9,370.7,371.6,362.4,355.3,349.3,334.1
Vinhais,283.9,436.1,451.6,465.8,483.2,493.2,510.6,530.6,550.5,571.3,586.9,604.4
Centro,129.2,148,152.5,158.2,162.6,167.4,173.6,180.1,185.9,191.2,196.6,201.4
Oeste,114.3,119.6,122.9,127.3,130.9,134.8,139.4,144.5,149.2,153.5,158,162
Alcobaça,107.8,124.4,130.7,139.1,146.2,153,160.1,168.5,176.7,184.2,192.6,199.9
Alenquer,107.8,101.5,102.6,104.1,105.3,107.6,111.3,115.3,118.8,121.6,124.3,126.6
Arruda dos Vinhos,116.8,93.7,94.8,97.1,98.8,100.6,104.2,109.2,113.3,117.6,122.9,126.7
Bombarral,147.5,156.5,159.2,161.8,164.1,168.6,172.3,177.6,185.2,192.3,199.1,204.5
Cadaval,173.2,168.7,171.7,177.2,182.4,188.4,194.6,199.9,206.5,211.5,215.3,219.8
Caldas da Rainha,113.7,125,130.4,137,140.7,144.3,149.4,155.2,159,162.1,167.3,173
Lourinhã,108.3,111.8,114.5,117.4,119.6,123,127,131.4,135.1,138.8,142.8,145.9
Nazaré,110.2,123.8,128.2,133.9,138.3,142.2,147.7,154.3,159.6,164.6,169.4,172
Óbidos,142.3,138.8,142.7,150.5,156.8,160.8,166,172.5,178.9,184.9,188.3,189.4
Peniche,104.8,121.5,124.6,128.7,132.6,135.7,139.6,144,148.4,153.3,158,161.9
Sobral de Monte Agraço,113.9,97.4,98.7,102.2,103.4,104.6,107.3,112.7,117.9,119.7,120.6,122.9
Torres Vedras,110.1,115.9,118.4,121.9,125.8,130.3,134.4,138.1,142.1,146,150,153.6
Região de Aveiro,92.8,114,118.8,124.7,129.4,134.2,140.2,146.6,152.6,158.1,163.3,167.7
Águeda,97.1,128.6,135.2,141.8,146.2,151,158,166.5,175.3,183.3,191.2,199.3
Albergaria-a-Velha,89.5,103.6,108.3,114.8,120.3,127.4,135,141.2,149,156.6,161.9,166.3
Anadia,131.3,170.5,175.6,181.8,190.2,199.2,208.6,218.6,231.3,243.2,252.5,259.2
Aveiro,88.4,105.6,109.2,113.9,117.7,121.2,125.7,130.9,135,137.6,140.5,143.4
Estarreja,100.9,123.4,127.9,133.2,138.2,142.1,147.1,153,157.6,162,167.5,172.5
Ílhavo,75.8,95.3,100.1,106.2,110.6,114.9,120.4,125.7,129.9,134.4,139.3,143.2
Murtosa,114.5,112.5,115.9,121.9,125.9,129.3,133.3,136.4,140.3,144.8,148.2,151.2
Oliveira do Bairro,117.1,121.8,125.4,129,130.5,132.7,136.5,140.3,143.2,145.1,146.5,148.6
Ovar,68.1,91.3,96.1,101.9,107.4,113.9,121.3,129,136.3,143.4,150.9,156.8
Sever do Vouga,121.8,157.4,166.7,177.5,185.2,192.5,201.8,212.8,223.2,235.1,249.8,263.1
Vagos,91.8,114.6,120.4,127.9,133.2,138.1,143.3,148.6,154.6,160.9,165.6,167
Região de Coimbra,138.5,160.1,165.2,171.4,176.2,181.5,188.7,195.8,201.4,206.3,211.3,215.6
Arganil,188.7,238.2,247,255.5,262.6,267.5,271.2,272.9,277.1,282.3,281.6,278.7
Cantanhede,142.7,177,183.3,190.7,194.7,200.9,209,216.2,222,227,232.4,237.2
Coimbra,118.3,149.7,155.7,162.1,167.3,173,180.2,187.3,192.7,197,201,203.9
Condeixa-a-Nova,126.9,112.7,113.4,115.6,116.6,118.8,123.1,127.6,130.2,132.2,135.5,139.2
Figueira da Foz,142.7,153.9,159.6,167.1,172.4,178.1,185.8,192.7,198.3,204.1,209.9,216.1
Góis,270.2,280.7,281.9,278.8,282.4,290.8,301.2,303,302.2,300.3,300,303.7
Lousã,107.5,96.6,97.7,100.7,103.6,107.1,112.8,117.7,122.4,128.2,135,141.9
Mealhada,118.5,143.6,145.7,149.6,154.3,158.7,165.7,174.1,179.5,184.8,192.1,196.1
Mira,130,170.5,177,184.9,190.7,194.8,201.6,210.5,216.4,221.8,226.3,227.2
Miranda do Corvo,111.8,126.8,136.8,147.7,155.2,163.3,172.7,186,199.4,207.7,214.5,218.9
Montemor-o-Velho,149.7,170.3,173.5,176.7,178.4,180.4,184,188.3,192.4,196.1,198.6,200.8
Mortágua,177.4,230.4,235.5,242.5,248.9,253.9,261.3,273,282.9,290.6,302.3,309.6
Oliveira do Hospital,132.5,163.5,169.1,175.9,183.9,193.2,205.7,217.8,225.3,229.8,235,240.6
Pampilhosa da Serra,377.6,505.3,513.9,535.7,552.3,544.6,535.6,546.6,556.2,543.5,532.3,531.1
Penacova,147.4,177.9,186.3,196.1,206.4,219,231.4,242.1,254.8,269.1,281.1,293
Penela,212.5,216.4,219.7,226.5,229.8,234.6,244.5,254.1,261.5,268.2,275.7,283.7
Soure,205.2,215.6,221.8,228.5,234.8,241.5,251.2,259.5,265.8,270.6,276.5,283.6
Tábua,152.3,158.7,164.8,171.7,174.6,178.8,182.6,187,192.2,198.5,206.3,212.9
Vila Nova de Poiares,107,111.2,112.7,117.5,123.1,129.4,134.5,137.9,142.4,146.8,152.5,159
Região de Leiria,107.9,126.7,131,136.6,141.6,147,152.9,158.8,164.2,169.4,174.7,179.7
Alvaiázere,225.7,268.9,279.6,293.2,300.3,309.1,321,332.3,338.9,342.3,344.2,345
Ansião,164.8,186.6,189.6,196.5,205,214.1,224.5,237.4,250,261.2,269.5,277.7
Batalha,99.3,113.3,114.8,117.3,121.4,126.8,132.1,135.7,141.2,148.1,153.1,156.4
Castanheira de Pêra,195.4,257.3,272.3,288,302.5,323.5,347.8,369.7,389.5,412.7,440.5,471.5
Figueiró dos Vinhos,189.4,252.6,264.2,281,291.3,296.8,303.8,315,329.4,338,339.8,336.3
Leiria,80.8,101.1,105.5,110.7,115.4,120.7,126.3,131.8,136.6,141,145.9,150.7
Marinha Grande,102.8,112.1,115.7,121.5,127.1,132.4,138.5,145.2,151.3,157,162.7,167.7
Pedrógão Grande,285.3,292.1,292.7,286.1,272.8,264.1,264.8,274.6,284.2,287,293.9,306.3
Pombal,126.3,150.9,156.6,163.8,169.4,174.7,180.4,185.5,191.1,197.5,204,210.6
Porto de Mós,107.2,124.3,128.9,135,140.1,146.5,154.1,160.4,165.7,172.2,179.7,185.1
Viseu Dão Lafões,123.1,147.9,154,160.5,165.1,170.3,178,186,192.9,199.8,207,214
Aguiar da Beira,162.9,214.2,226.7,241.8,251.8,265.9,286.2,299.2,303.3,304.2,301.7,300.5
Carregal do Sal,130,157.5,163.7,169.1,173.5,180.9,190.5,200.9,207.5,214.1,225,234.4
Castro Daire,145,184.7,190.1,196,199.8,204.5,215.5,228.7,238.5,249.5,263.2,276.9
Mangualde,133.5,157.6,163,167,170.3,173.5,180.1,188.5,196.2,205.4,214.5,223.2
Nelas,142.9,157.1,163.9,171.7,175.5,182.3,188.9,195.6,202.9,210.1,220.1,230.2
Oliveira de Frades,110.6,129.3,134.1,136.9,139.7,143.2,147.8,152.9,159.1,165.8,170.9,176.2
Penalva do Castelo,158.8,193.4,206.5,221.6,231.3,244.2,257.1,267.6,273.7,281.3,289.2,300.8
Santa Comba Dão,146.3,169.2,179.1,191.5,197.7,205,215.3,226,237.8,247.2,256,264.8
São Pedro do Sul,152.7,190.4,195,200.1,208,215.4,226.5,238.4,246.8,257,270.6,284.2
Sátão,121.1,140.7,151.7,166.6,176.4,185.4,195.2,205.1,214.5,223.1,232.6,243.1
Tondela,159.9,210.2,218.1,227.7,233.5,239.2,250.7,263.9,274.6,283.9,294.2,304
Vila Nova de Paiva,130.5,185.5,191.5,196.2,200.1,204.4,211.2,218.9,228.6,239.6,247.7,254.9
Viseu,88.9,106.3,111.4,116.9,120.6,124.9,130.8,137,142.3,147.4,152.4,157.2
Vouzela,148.8,204.5,210,215.4,222.6,230.4,243.2,253.8,263.5,276.8,290.4,300.1
Beira Baixa,237.1,251.9,252.2,254,257.2,259.4,263.6,269.1,274.7,279.5,281.9,286.1
Castelo Branco,166.6,174.4,176.7,179.9,182.5,184.9,188.9,193.7,199.1,204.7,208.6,213.7
Idanha-a-Nova,453.7,472.8,445.9,422,423.3,426.1,425.6,428.2,429.6,430.6,432.2,427.1
Oleiros,371.5,488.7,484.1,488.6,511.5,527.4,549.3,581.2,606.6,626.4,660.8,704.6
Penamacor,412.6,517.9,522.9,527.8,533.3,542.3,560.3,588.3,619.4,636.7,630.4,631.4
Proença-a-Nova,245.7,309.8,314.1,321.8,331,334.7,345.1,357.8,370.5,377.7,378.2,388.7
Vila Velha de Ródão,529.6,544.1,598.9,683.2,731.1,780.1,803.9,819.4,788.4,733.3,671.5,635
Médio Tejo,152.6,170.4,174.5,179.9,184.1,188.4,194.8,201.6,207.4,213.1,218.6,223.6
Abrantes,184,197.4,199.6,204.2,209.2,213.8,220.5,228.1,236.4,245.5,254.5,264.2
Alcanena,141.4,162.3,165,169.3,173.4,178,183.7,189.5,193.3,196.6,204.2,213.7
Constância,139.2,136.5,140.1,143.1,142.9,139.9,141.2,149.3,156,161.6,165.2,168.2
Entroncamento,87,99.2,101.7,105.3,109.3,112.9,115.8,118.2,121.9,126.1,130.2,133.8
Ferreira do Zêzere,201.3,209.8,213.2,217.6,217.5,220,225.7,235.4,245.9,249.7,253.6,263.4
Mação,359.2,391.7,400.7,411.3,421.3,434.1,452.1,472.6,483.5,491.7,491.5,485.9
Ourém,110.8,135.1,139.7,145.6,149.3,153.3,159.4,164.5,169.4,176.4,182.8,186.2
Sardoal,202.6,218.2,218.4,217.6,219.6,225.4,238.9,250.2,251.8,254.3,258.6,264.8
Sertã,184.8,210.1,209.4,209.2,216.8,223.5,229.8,236.8,242,251,262.7,271.8
Tomar,149.8,181.1,187.5,196.4,203.6,211.6,223.5,234.7,241.6,248.2,255,261
Torres Novas,150.8,164.8,169.8,174.6,176.5,178.6,183.4,190,195.5,200.6,204.2,207.1
Vila de Rei,323.3,275.3,317.7,392.1,428.3,465.7,485.6,498.5,523.4,506.2,459.7,440.8
Vila Nova da Barquinha,147.8,166,171,176.5,181.1,185.9,193.2,203,211.5,213.1,212.9,214
Beiras e Serra da Estrela,173.5,212.4,219.3,227.3,233.2,239.5,247.7,255.9,263.6,271.4,279.5,287.3
Almeida,272.3,372.5,405.3,436.2,453.2,481.7,518.2,551.7,577.2,592.5,606,617.4
Belmonte,164.6,201.1,211,217.6,217.3,220.7,227.9,239.3,243.6,250.2,262.3,267.6
Celorico da Beira,195.9,224.4,227.6,233.5,239.7,246.1,255.1,263.4,271.3,285.1,300.5,310.4
Covilhã,140,176.1,182.5,189.6,194.6,199.6,208.2,218.3,226.9,236.1,246.7,257
Figueira de Castelo Rodrigo,247.2,279.7,281.5,281.8,279.3,279.8,283.4,283,282.6,281,281.2,288.1
Fornos de Algodres,184,231.5,241.1,255.5,264.8,270,276,281,282.5,277.3,272.4,277.6
Fundão,174.6,216,219.1,220.9,224.4,228.2,233.3,239,246.5,255.4,264.5,273.6
Gouveia,217.2,271.4,282.3,296.6,304.3,317.6,334.1,345.6,360.1,374.2,378.2,377.7
Guarda,119.8,139.5,143.6,149.2,154,160.1,166.2,171.7,177.9,184.3,191.5,198.9
Manteigas,148.5,219.7,228.5,238,249.9,265.3,292.7,320,334.3,358.3,385.8,397
Mêda,241.1,319.6,322.1,327.6,339.5,353.1,370.6,384.1,391.3,399.1,412.6,421.9
Pinhel,216.3,282.3,283.2,286.7,298.2,310.2,319.4,331.4,348.9,365.5,376.6,391.8
Sabugal,374.5,462.1,479.7,501.8,510.4,511.7,513.7,513,513.1,509.2,501.3,489.3
Seia,153.5,200.9,213.7,230,238.8,245.8,253,260,267.1,274.3,281.1,288.2
Trancoso,193.5,233,249.6,267.9,280.9,292.8,307.3,325.7,336.7,342.5,351.1,361.2
Área Metropolitana de Lisboa,102.2,112.3,115.5,118.6,120.9,123.8,127,130.1,132.7,134.8,136.6,138.2
Área Metropolitana de Lisboa,102.2,112.3,115.5,118.6,120.9,123.8,127,130.1,132.7,134.8,136.6,138.2
Alcochete,93.6,75.7,76.1,77.3,78.8,81.1,84,87.6,91.5,94.3,97,100.4
Almada,118,122,126.4,130.6,133.8,138,141.9,145.5,148.5,151.1,153.6,155.1
Amadora,93,126.3,130,132.7,135.6,139,142.3,145.3,147.6,149,149.8,149.7
Barreiro,121.5,140.8,146.9,151.6,154.3,158.5,164.5,170.2,175.4,180.8,185.4,189.8
Cascais,98.6,96.3,99.5,103.4,106.5,110.2,114.2,117.8,121,123.9,126.9,129.5
Lisboa,198.7,199.4,200.2,200.8,199,┴  194.5,190.3,188.2,184.5,179.8,175.4,171.5
Loures,77,103.8,108.6,112.2,115,┴  120.3,126.3,129.8,132.4,134.6,136.5,137.9
Mafra,95,76,75.6,76.2,77.6,79.8,82.2,84.8,87.6,90.6,93.6,96.4
Moita,77.4,93.3,98.1,103.1,106.7,111,115.6,120.1,124.6,128.9,132.8,136.4
Montijo,113.6,96.8,96.7,96.5,96,96.3,97.2,98.2,99.1,100,100.9,101.2
Odivelas,80.3,103.4,108.1,111.7,113.5,116.2,119.4,121.9,123.7,124.7,125.7,126.5
Oeiras,105,116.2,120.5,125.6,129.7,134.4,139.3,144,148.3,152,155.8,159.5
Palmela,93,92,94.7,98.3,101.4,104.9,108.9,112.9,116.8,120.6,124.6,127.7
Seixal,60.3,81.9,86.9,91.8,96,101,106.1,110.9,115.7,120.1,124.3,128.6
Sesimbra,88,81.4,82.9,85.1,87.7,91.3,94.4,96.8,99.2,101.1,103.3,105.8
Setúbal,94.8,99.9,102.9,106.9,111.3,116.4,121.8,127.1,132,136.1,140.2,144.5
Sintra,55.7,70.4,74,77.8,81.1,85.1,89.6,93.8,97.8,101.6,104.9,107.9
Vila Franca de Xira,66.4,75.6,77.6,80,82.8,86.4,90.6,95.1,99.9,104.5,109.4,114.5
Alentejo,161.9,170.9,172.2,174.1,176,178.9,183.6,189,193.1,197,201.2,204.6
Alentejo Litoral,164.4,188.4,188.5,188.2,188.8,190.9,195.5,201,205.3,209.9,214.7,218
Alcácer do Sal,168.5,200.6,203.1,205.1,206.2,210,217.2,224.3,233,244.1,255.4,266.4
Grândola,197.8,199.7,197.3,196.6,195.7,194.2,197.2,201.4,202.2,205.2,210.5,214.6
Odemira,193.3,223.3,220.8,216.7,216.9,219.5,223.6,229.3,233.4,237.5,238.9,236.3
Santiago do Cacém,157.6,193.4,192.3,190.3,190.9,192.4,195.8,201.2,206.7,211.7,217.6,223.6
Sines,98.8,106.7,111.7,117.7,120.3,124.8,132.1,137.9,141.5,145,148.6,150.6
Baixo Alentejo,175.1,180.1,180.4,180.2,179.5,180.2,182.6,185.5,187.1,188.2,190.2,191.6
Aljustrel,177.3,201.4,208.1,212.4,212.8,214.5,221,229.1,233.1,231.7,231.6,231.1
Almodôvar,227.9,245,238.2,234,233.4,237.3,245.6,251.4,253.4,254.7,252.2,249.5
Alvito,212.3,174,183.1,198.5,203.3,204.5,201.4,200.9,198.6,194.4,194.7,197.5
Barrancos,196.1,193.9,183.6,173.5,169.8,170.7,169.7,167.9,165.8,162.2,164.3,169.5
Beja,139.5,134.8,135.4,135.9,135.8,137.1,139.9,142.6,144,145.9,148.1,148.6
Castro Verde,160.7,179,177.9,175.1,174.3,174.9,178.1,184.3,191.5,193.1,193,194.1
Cuba,181.8,169.8,170.1,170.4,167.9,167.1,167.3,166.7,168.1,167.2,165.2,165.7
Ferreira do Alentejo,192.8,202.5,206,208,205.6,203.3,204.5,209,206.6,201.4,200.1,201
Mértola,283.9,373.1,369.5,362.4,366.1,367.7,368.9,374.2,376.9,377,383.2,395.1
Moura,145.5,144.8,144.4,142.4,139.7,139.2,141.4,143.5,145.9,148.6,151.4,154
Ourique,288.1,299.8,296.3,296.7,304.9,312.5,313.3,311.9,312,315.5,321.1,314.5
Serpa,174.2,189.8,196.2,202.3,206.5,211.5,214.6,216.5,218.9,224.3,232.3,237.9
Vidigueira,175.5,192.5,182.5,171.8,166.4,160.1,158.1,159.1,159.4,159.5,160.9,163.3
Lezíria do Tejo,138.9,142.4,144.5,147.5,150.7,154.7,160.3,166.5,171.8,177.1,182.2,186.7
Almeirim,138.1,134.3,137.5,141.5,144.4,147.9,153.7,160.7,166.2,170.7,175.5,180.6
Alpiarça,180.6,166.1,162.8,164.8,168.3,173.1,180.9,189.1,197.1,204.8,210.2,214.7
Azambuja,130.9,135.4,136.5,138.2,141,144.6,149.6,155.2,159.1,162.6,165.8,169.7
Benavente,86.5,83.8,85.3,86.7,88.4,91.2,95.5,100,103.7,107.4,111.3,115.7
Cartaxo,128.4,132,135.2,139.9,144.2,148.7,153.9,158.6,164.6,170.9,175.1,178.1
Chamusca,184.9,237.2,237.7,238.2,237.6,237.9,244.6,253.9,263.8,275.8,285.9,290.9
Coruche,212.7,232.8,237.6,241.8,244.4,247.6,254.4,263.5,273.1,284,294.9,304.1
Golegã,157.6,163.8,169.4,175.5,181.2,┴  197.6,215.3,226.3,234.9,237.4,237.2,235.3
Rio Maior,118.1,128.1,130.6,136.1,142,147.5,153.9,159,163.1,168,172.9,176.8
Salvaterra de Magos,130.6,134.6,138.7,144,150.2,157.5,165,172.7,178.2,184.4,192,196.6
Santarém,145,152.3,154,156.7,159.3,┴  162.2,167,173.7,178.9,183.9,189.3,194.4
Alto Alentejo,194.1,206.3,206.8,207.9,209.9,212.7,217.7,224.2,228.5,232.4,236.7,239.6
Alter do Chão,275.2,275.3,283.7,287.8,281.3,275.4,273.5,279.2,280.7,269.8,260.8,254.9
Arronches,271.4,286.4,309.4,334.2,351.3,370,386.6,405.5,406.5,393.7,370.3,343.4
Avis,222.8,264.6,283.4,291.5,290.4,296,299.7,298.3,302,308.8,312.9,312.8
Campo Maior,133.9,137,133.4,131.4,131.8,132.3,134.9,138.7,142.6,147.9,153.5,159.1
Castelo de Vide,230.3,249.4,254.4,261.5,276.1,297.7,315.3,320.4,317.9,319.4,321.9,315.2
Crato,350.8,312.3,317.5,328.7,329.3,338,354.9,367.7,368.8,374.8,373.6,361.7
Elvas,130.8,148,146.7,146.9,149.7,153.9,160.2,166.8,171.7,176.8,181.2,184.5
Fronteira,216.1,217.7,218.9,219,213.3,213.5,218.7,226.5,232.8,237,248.7,262.5
Gavião,434.7,447.2,448.5,449.8,450.1,456,462.7,462.9,443.6,422.1,423,429
Marvão,298.4,337.3,328.8,314.4,312.6,310.1,314.4,326.4,339.6,346.4,352.4,356.8
Monforte,215.9,191.3,187.6,184.9,186.4,182.5,177.5,178.1,181.5,182.9,182.3,182.4
Nisa,367.5,367.7,368,364,365.6,371.3,376.8,383.1,386.9,390.7,398.8,403.9
Ponte de Sor,167.9,191.5,194.2,198.7,201.2,202.8,208,215.5,220.8,225,230,235.1
Portalegre,157.5,176,177.5,178.7,181.2,183.9,189,196.4,201.8,208,215.1,219.3
Sousel,226,234.5,235.9,244.3,255.4,260.4,267.4,274.6,278.3,280.2,285,291
Alentejo Central,160.4,176.5,179,182.2,185.2,188.8,193.5,199.1,203.1,206.1,210.1,214.1
Alandroal,223.3,272,274.2,272.6,273.5,275.5,278.4,282.8,283.1,284.7,288.8,294.7
Arraiolos,194.5,209.7,208.4,208,211.9,218.5,224.3,231.4,239.1,242.1,247.6,257.9
Borba,176.6,216.8,221.9,228.1,230.1,227.5,229.5,235.3,241.4,249.1,253.7,256.7
Estremoz,191.2,235.4,242.6,250,254.2,255.7,259.4,266.6,272.5,272.6,270.4,269.5
Évora,122.5,131.6,134,136.7,139.8,144.2,149,154.8,158.7,161.6,166.1,170.5
Montemor-o-Novo,203.4,223.6,230.1,236.9,241.2,247.2,256.1,264.1,267.8,271.8,277.7,281.4
Mora,271.1,307.8,303.1,302.4,301.4,299.8,309.1,320.9,318.7,315.4,321.9,326.5
Mourão,142.8,144.3,147.2,148.8,147,149.2,153.1,157.1,161.6,161.9,166.4,171
Portel,168.3,209.4,209.2,210,212.9,214.7,218.2,224.9,233.6,239.5,239.5,242.2
Redondo,178.9,184.8,184.8,182.6,182.7,184.7,187.5,190.7,193.7,198.3,205.5,210.9
Reguengos de Monsaraz,165.8,169.8,168,170.3,172.2,174,177.2,179.5,183.1,187.2,191.3,198.6
Vendas Novas,150.7,162.5,170.9,181.2,188.5,196,203.5,209,214.1,218.6,222.6,226.4
Viana do Alentejo,169.4,161.3,160.5,161.6,167.5,172.8,173.6,174.1,172.1,169.6,167.5,164.1
Vila Viçosa,133.9,169.3,172.8,176.1,179,180.8,184.2,190.4,195.1,201.6,210.5,217.7
Algarve,126.3,119,120.2,123.2,126.6,129.8,133.7,137,139.3,141.2,143.3,145.4
Algarve,126.3,119,120.2,123.2,126.6,129.8,133.7,137,139.3,141.2,143.3,145.4
Albufeira,75.9,74.9,76.5,79.9,84,88.1,92.1,95.2,97.1,98.4,99.3,100.4
Alcoutim,475.7,549.4,574.9,590.5,587.1,602.5,648.3,665.7,655.2,660.9,666,650.8
Aljezur,249.3,251.2,244.7,239.2,237.4,232.5,233.8,237.2,238.7,239.1,239.5,240.9
Castro Marim,203.9,198.8,201.8,208.6,217.1,225.5,236.1,247.1,252.2,250.6,249.7,246.8
Faro,110.5,108.3,110.9,115.9,120.8,125.4,129.9,133.8,135.9,137.1,138.6,140.4
Lagoa,96.1,100.7,103.1,107.9,113.4,120,126.8,132,136.3,140.4,143.1,145
Lagos,114.2,108.9,110.6,113.5,116.4,120.4,125.7,130.5,133.9,137.3,141.6,145.8
Loulé,125.3,115.7,116.8,119.5,122.9,125.9,129.6,132.7,134.5,136,137.8,140.3
Monchique,266.1,337.7,345.3,360.8,371.6,377.2,377.6,377.2,374.7,369.7,368.4,364.2
Olhão,104.3,102.6,103.3,105.8,108.3,110.4,113.9,118.1,121.6,124.5,127.2,130.6
Portimão,114.8,98.5,99.7,102.2,104.8,107.9,111,113.4,115.2,117.4,120.3,122.5
São Brás de Alportel,154,142.4,143,146.9,148.5,147.8,148.9,150.3,153.1,156.5,158.2,160.4
Silves,173.2,157.5,156.2,157.1,159.1,160.6,163,164.9,166.4,167.9,170,171.4
Tavira,186.3,176.3,175.6,179.4,183.2,185.6,189.5,194,196.8,198.1,199.4,201.2
Vila do Bispo,175.7,199.1,204.9,209.1,213.2,215.6,216.6,213,211.3,211.1,212.6,217.6
Vila Real de Santo António,112.3,115.5,117.4,119.8,122.2,126.2,131.3,134.7,137.8,142.2,146.7,151.2
Região Autónoma dos Açores,60.1,67.6,69.7,71.6,73.2,75,77.3,80.5,84,87.4,91.2,95.1
Região Autónoma dos Açores,60.1,67.6,69.7,71.6,73.2,75,77.3,80.5,84,87.4,91.2,95.1
Ilha de Santa Maria,59.6,69.6,71.3,72.4,74.6,76.2,79.5,85.5,90.3,95.2,99.5,103.5
Vila do Porto,59.6,69.6,71.3,72.4,74.6,76.2,79.5,85.5,90.3,95.2,99.5,103.5
Ilha de São Miguel,45.3,50.8,52.6,54.3,55.8,57.6,59.5,62.1,64.9,67.8,70.8,74
Lagoa [R.A.A.],35.8,45.5,47.8,49.4,50.8,53,55.7,58.5,61.6,64.9,68.3,71.8
Nordeste,89.8,102.1,102.2,101.3,102.4,105.3,107.7,112,117.5,123.6,129.1,132.6
Ponta Delgada,48,54.9,57.9,60.9,63.3,66.1,68.7,71.5,74.8,78.2,81.6,85
Povoação,66.2,78.1,79.9,82.3,85.1,88.8,92.1,95.1,99,104,110.3,117.2
Ribeira Grande,33.8,33.8,34.1,34.4,34.4,34.7,35.2,36.8,38.5,40,41.8,44.1
Vila Franca do Campo,48.4,56.6,58.2,58.6,59.8,61.4,63.7,66.9,69.8,73.1,76.6,79.8
Ilha Terceira,70,80.5,82.7,84.9,87.3,89.4,92.2,96.6,101,105.6,111.4,117.4
Angra do Heroísmo,72.5,83.3,85.5,87.7,90,92.2,95.4,100.1,104.6,109.6,116.3,122.9
Vila da Praia da Vitória,65.6,75.8,78,80.3,82.8,84.7,86.8,90.7,95,99,103.5,108.7
Ilha Graciosa,123.6,139,141.4,141.7,140.8,141.6,140.7,139.3,143,147.6,149.7,151.4
Santa Cruz da Graciosa,123.6,139,141.4,141.7,140.8,141.6,140.7,139.3,143,147.6,149.7,151.4
Ilha de São Jorge,100.6,123.6,126,128.4,129.4,130.2,134,139.7,144.7,151.3,159.5,165.3
Calheta [R.A.A.],104.6,133.3,134.7,137,140.2,142.8,147.1,150.6,155,163.9,175.7,185.7
Velas,97.8,116.8,119.7,122.1,121.6,121.3,124.7,131.6,137,142.2,148.1,151.4
Ilha do Pico,116.9,133.7,138.1,141.3,140.7,139.8,140.6,144.3,148.9,151.5,152.8,155.5
Lajes do Pico,123.8,152.2,159.8,164.5,161.5,158.3,161.1,171.4,180.2,185.3,189.8,196.8
Madalena,114.8,121.4,121.9,123.8,126.3,127.6,128.2,129.1,132.5,134.3,133.8,134.9
São Roque do Pico,111.4,131.6,139.7,143.7,140,137.4,136.2,137.2,139.5,140.7,141.8,143.5
Ilha do Faial,83.1,88.4,92.4,95,97.5,101.1,104.1,108.5,113.7,116.9,120.4,126.2
Horta,83.1,88.4,92.4,95,97.5,101.1,104.1,108.5,113.7,116.9,120.4,126.2
Ilha das Flores,105.3,126.5,130.7,131.6,131.6,132.4,138.3,145.7,150.6,156.6,159.2,158.9
Lajes das Flores,120.4,148.9,149.4,145.8,144,141.6,146.8,158.6,163.7,167.2,173.5,176.5
Santa Cruz das Flores,96.8,112.6,118.7,122.1,123.2,126,132.4,137.3,142.2,149.6,150,147.8
Ilha do Corvo,145,184.4,186.2,179.2,147.9,126.4,119.9,117.9,120.3,126.2,130.3,131.1
Corvo,145,184.4,186.2,179.2,147.9,126.4,119.9,117.9,120.3,126.2,130.3,131.1
Região Autónoma da Madeira,71.4,79.1,81.4,84.9,88.8,92.8,97.4,102.5,108.3,114.6,120.6,126.5
Região Autónoma da Madeira,71.4,79.1,81.4,84.9,88.8,92.8,97.4,102.5,108.3,114.6,120.6,126.5
Ilha da Madeira,71.7,79.2,81.6,85.1,89,93,97.7,102.9,108.8,115,121.1,127
Calheta [R.A.M.],124.6,141.8,143.1,146.7,151.1,154.7,159.8,166.1,172.1,177.2,181.8,186.3
Câmara de Lobos,33.8,44.1,45.9,47.9,50.4,53.2,56.9,61.3,66.2,70.6,74.9,79
Funchal,81.6,91.3,95,100.3,106,111.3,117,123.6,130.9,138.6,145.9,152.5
Machico,58.6,72.8,77.5,83.1,88.9,94.9,102,109.5,118.3,128.1,138,148.5
Ponta do Sol,84.1,89,89.6,91.1,94.5,97.9,103.2,108.4,113,119,123.2,126.5
Porto Moniz,140.3,184.8,180.5,175.5,180.4,192.2,198.4,205,210.4,215.8,223.4,230.7
Ribeira Brava,80.9,77.5,80,84.1,87.1,90.7,95.3,99.5,104.9,111.9,119.8,128.3
Santa Cruz,56.1,49.4,50.3,51.6,52.8,54.4,56.3,58.5,61.5,65,68.9,73.5
Santana,128.1,169.4,171.5,176.8,186,193.8,203.2,212.2,224,236.5,242.4,249.6
São Vicente,121.5,158.3,160.2,165.8,177.2,189.8,205.8,217.4,226.7,237.3,247.5,258.1
Ilha de Porto Santo,57.4,70.5,72.9,75.4,78,79.6,82.1,85,87.6,92.8,98.5,103.3
Porto Santo,57.4,70.5,72.9,75.4,78,79.6,82.1,85,87.6,92.8,98.5,103.3
